id,target
0,0
2,0
3,0
9,0
11,0
12,0
21,0
22,0
27,0
29,0
30,0
35,0
42,0
43,0
45,0
46,0
47,0
51,0
58,0
60,0
69,0
70,0
72,0
75,0
84,0
87,0
88,0
90,0
94,0
99,0
101,0
103,0
106,0
108,0
111,0
115,0
116,0
122,0
123,0
124,0
125,0
127,0
140,0
142,0
147,0
148,0
150,0
152,0
154,0
155,0
166,0
167,0
169,0
177,0
179,0
181,0
186,0
188,0
189,0
192,0
200,0
202,0
206,0
207,0
214,0
217,0
223,0
224,0
227,0
228,0
230,0
233,0
234,0
236,0
239,0
250,0
255,0
257,0
259,0
275,0
278,0
282,0
284,0
286,0
288,0
292,0
295,0
300,0
304,0
305,0
306,0
308,0
311,0
317,0
319,0
323,0
324,0
325,0
326,0
333,0
339,0
342,0
343,0
350,0
351,0
357,0
359,0
362,0
366,0
367,0
369,0
373,0
374,0
376,0
377,0
378,0
379,0
382,0
385,0
387,0
388,0
391,0
392,0
395,0
399,0
400,0
403,0
405,0
408,0
411,0
414,0
416,0
417,0
422,0
425,0
428,0
430,0
431,0
433,0
434,0
439,0
441,0
449,0
458,0
460,0
464,0
473,0
488,0
491,0
494,0
497,0
500,0
505,0
507,0
508,0
510,0
511,0
515,0
525,0
529,0
532,0
534,0
537,0
539,0
541,0
545,0
547,0
548,0
549,0
553,0
554,0
555,0
557,0
562,0
566,0
572,0
573,0
582,0
586,0
587,0
590,0
591,0
593,0
595,0
596,0
597,0
601,0
602,0
605,0
610,0
616,0
618,0
620,0
626,0
627,0
629,0
632,0
634,0
639,0
645,0
647,0
648,0
650,0
663,0
666,0
668,0
670,0
673,0
676,0
678,0
692,0
693,0
694,0
695,0
696,0
698,0
701,0
703,0
707,0
708,0
711,0
715,0
718,0
722,0
723,0
733,0
741,0
742,0
743,0
747,0
749,0
750,0
756,0
757,0
760,0
764,0
765,0
766,0
768,0
769,0
771,0
772,0
776,0
778,0
780,0
785,0
789,0
792,0
793,0
811,0
813,0
816,0
821,0
824,0
825,0
827,0
830,0
831,0
839,0
844,0
847,0
850,0
854,0
855,0
858,0
861,0
862,0
865,0
869,0
879,0
880,0
887,0
889,0
897,0
900,0
901,0
904,0
908,0
909,0
910,0
913,0
914,0
917,0
918,0
920,0
922,0
924,0
925,0
927,0
933,0
937,0
943,0
949,0
950,0
954,0
966,0
967,0
969,0
970,0
973,0
975,0
980,0
988,0
989,0
995,0
1000,0
1003,0
1007,0
1011,0
1012,0
1013,0
1014,0
1016,0
1019,0
1025,0
1027,0
1028,0
1030,0
1033,0
1034,0
1039,0
1046,0
1047,0
1053,0
1055,0
1056,0
1059,0
1060,0
1063,0
1064,0
1068,0
1076,0
1086,0
1087,0
1089,0
1092,0
1095,0
1096,0
1097,0
1100,0
1101,0
1107,0
1108,0
1111,0
1115,0
1116,0
1121,0
1125,0
1127,0
1131,0
1133,0
1135,0
1137,0
1140,0
1144,0
1147,0
1148,0
1150,0
1158,0
1159,0
1161,0
1163,0
1165,0
1169,0
1171,0
1172,0
1176,0
1180,0
1184,0
1186,0
1187,0
1192,0
1193,0
1194,0
1197,0
1200,0
1205,0
1210,0
1216,0
1220,0
1231,0
1233,0
1246,0
1247,0
1248,0
1255,0
1256,0
1257,0
1258,0
1260,0
1261,0
1265,0
1266,0
1268,0
1274,0
1281,0
1285,0
1286,0
1291,0
1292,0
1295,0
1299,0
1306,0
1310,0
1311,0
1313,0
1314,0
1322,0
1323,0
1325,0
1329,0
1330,0
1333,0
1336,0
1339,0
1342,0
1344,0
1355,0
1357,0
1358,0
1359,0
1364,0
1366,0
1367,0
1370,0
1373,0
1377,0
1386,0
1387,0
1392,0
1397,0
1398,0
1400,0
1403,0
1404,0
1410,0
1413,0
1416,0
1417,0
1423,0
1424,0
1426,0
1427,0
1428,0
1430,0
1434,0
1435,0
1437,0
1438,0
1442,0
1446,0
1451,0
1457,0
1461,0
1462,0
1465,0
1468,0
1469,0
1471,0
1476,0
1478,0
1481,0
1489,0
1490,0
1492,0
1496,0
1512,0
1516,0
1517,0
1528,0
1529,0
1536,0
1539,0
1541,0
1542,0
1548,0
1550,0
1551,0
1552,0
1557,0
1563,0
1564,0
1565,0
1566,0
1571,0
1578,0
1581,0
1583,0
1584,0
1586,0
1589,0
1592,0
1598,0
1606,0
1612,0
1616,0
1620,0
1624,0
1629,0
1630,0
1635,0
1640,0
1641,0
1642,0
1651,0
1655,0
1656,0
1659,0
1664,0
1667,0
1668,0
1674,0
1678,0
1680,0
1681,0
1682,0
1685,0
1695,0
1696,0
1697,0
1704,0
1708,0
1711,0
1713,0
1714,0
1717,0
1729,0
1730,0
1732,0
1734,0
1736,0
1738,0
1742,0
1743,0
1746,0
1748,0
1749,0
1751,0
1758,0
1764,0
1765,0
1777,0
1778,0
1781,0
1782,0
1783,0
1785,0
1788,0
1793,0
1794,0
1795,0
1797,0
1800,0
1801,0
1805,0
1806,0
1819,0
1820,0
1825,0
1828,0
1829,0
1830,0
1839,0
1843,0
1844,0
1846,0
1849,0
1850,0
1854,0
1855,0
1858,0
1859,0
1862,0
1867,0
1868,0
1871,0
1872,0
1874,0
1876,0
1879,0
1884,0
1891,0
1894,0
1896,0
1902,0
1903,0
1904,0
1906,0
1907,0
1912,0
1913,0
1923,0
1926,0
1928,0
1930,0
1931,0
1934,0
1936,0
1944,0
1946,0
1947,0
1958,0
1964,0
1970,0
1974,0
1977,0
1978,0
1982,0
1984,0
1988,0
1993,0
1997,0
1998,0
2002,0
2004,0
2005,0
2008,0
2011,0
2013,0
2018,0
2021,0
2025,0
2029,0
2030,0
2032,0
2037,0
2041,0
2044,0
2048,0
2052,0
2053,0
2054,0
2062,0
2065,0
2066,0
2072,0
2079,0
2080,0
2085,0
2088,0
2090,0
2092,0
2093,0
2101,0
2104,0
2105,0
2106,0
2107,0
2120,0
2124,0
2127,0
2130,0
2132,0
2135,0
2137,0
2140,0
2143,0
2147,0
2151,0
2152,0
2155,0
2156,0
2162,0
2165,0
2166,0
2167,0
2168,0
2170,0
2178,0
2180,0
2182,0
2184,0
2185,0
2187,0
2196,0
2197,0
2199,0
2200,0
2201,0
2202,0
2206,0
2208,0
2218,0
2223,0
2224,0
2226,0
2228,0
2232,0
2234,0
2243,0
2247,0
2249,0
2252,0
2253,0
2259,0
2261,0
2264,0
2268,0
2269,0
2270,0
2276,0
2283,0
2287,0
2290,0
2291,0
2293,0
2295,0
2302,0
2305,0
2310,0
2313,0
2316,0
2320,0
2322,0
2323,0
2326,0
2328,0
2331,0
2335,0
2338,0
2343,0
2344,0
2345,0
2353,0
2355,0
2357,0
2360,0
2365,0
2369,0
2371,0
2378,0
2380,0
2381,0
2383,0
2384,0
2392,0
2393,0
2401,0
2403,0
2404,0
2405,0
2407,0
2411,0
2424,0
2426,0
2431,0
2433,0
2434,0
2436,0
2439,0
2444,0
2447,0
2448,0
2449,0
2450,0
2461,0
2469,0
2472,0
2473,0
2474,0
2477,0
2481,0
2484,0
2495,0
2503,0
2509,0
2511,0
2518,0
2522,0
2525,0
2526,0
2529,0
2533,0
2549,0
2551,0
2558,0
2562,0
2563,0
2567,0
2574,0
2577,0
2578,0
2580,0
2581,0
2583,0
2584,0
2586,0
2589,0
2595,0
2596,0
2600,0
2601,0
2607,0
2610,0
2613,0
2615,0
2618,0
2620,0
2623,0
2626,0
2630,0
2634,0
2636,0
2638,0
2639,0
2646,0
2650,0
2652,0
2653,0
2654,0
2662,0
2665,0
2669,0
2674,0
2678,0
2681,0
2685,0
2686,0
2690,0
2697,0
2699,0
2704,0
2705,0
2710,0
2712,0
2713,0
2716,0
2717,0
2718,0
2721,0
2722,0
2735,0
2737,0
2738,0
2742,0
2745,0
2746,0
2747,0
2750,0
2751,0
2754,0
2762,0
2764,0
2772,0
2775,0
2776,0
2779,0
2781,0
2789,0
2790,0
2791,0
2798,0
2800,0
2804,0
2805,0
2806,0
2809,0
2810,0
2812,0
2814,0
2816,0
2818,0
2823,0
2824,0
2834,0
2837,0
2840,0
2845,0
2847,0
2848,0
2850,0
2859,0
2862,0
2868,0
2874,0
2876,0
2892,0
2894,0
2897,0
2901,0
2903,0
2904,0
2906,0
2914,0
2918,0
2919,0
2923,0
2926,0
2928,0
2930,0
2938,0
2940,0
2949,0
2951,0
2958,0
2961,0
2962,0
2964,0
2966,0
2967,0
2968,0
2972,0
2977,0
2978,0
2979,0
2981,0
2985,0
2986,0
2989,0
2994,0
2996,0
2997,0
2999,0
3002,0
3007,0
3008,0
3017,0
3020,0
3024,0
3028,0
3031,0
3032,0
3033,0
3035,0
3040,0
3041,0
3046,0
3050,0
3063,0
3065,0
3067,0
3069,0
3076,0
3078,0
3081,0
3087,0
3088,0
3094,0
3096,0
3098,0
3103,0
3110,0
3113,0
3121,0
3127,0
3128,0
3129,0
3135,0
3143,0
3146,0
3148,0
3149,0
3151,0
3156,0
3160,0
3164,0
3169,0
3178,0
3187,0
3194,0
3202,0
3203,0
3204,0
3206,0
3207,0
3208,0
3209,0
3213,0
3214,0
3215,0
3220,0
3223,0
3224,0
3226,0
3228,0
3230,0
3232,0
3233,0
3234,0
3238,0
3246,0
3247,0
3250,0
3251,0
3254,0
3257,0
3258,0
3261,0
3267,0
3268,0
3269,0
3271,0
3272,0
3273,0
3279,0
3290,0
3291,0
3293,0
3294,0
3298,0
3305,0
3306,0
3307,0
3310,0
3313,0
3314,0
3315,0
3316,0
3321,0
3325,0
3326,0
3327,0
3330,0
3331,0
3332,0
3333,0
3343,0
3344,0
3348,0
3349,0
3350,0
3352,0
3353,0
3354,0
3358,0
3360,0
3366,0
3371,0
3374,0
3375,0
3378,0
3382,0
3384,0
3385,0
3386,0
3392,0
3399,0
3407,0
3409,0
3416,0
3420,0
3422,0
3424,0
3426,0
3427,0
3434,0
3438,0
3441,0
3442,0
3443,0
3444,0
3449,0
3453,0
3454,0
3456,0
3457,0
3458,0
3461,0
3467,0
3479,0
3488,0
3491,0
3496,0
3502,0
3507,0
3511,0
3515,0
3516,0
3538,0
3539,0
3541,0
3545,0
3546,0
3547,0
3551,0
3553,0
3556,0
3558,0
3559,0
3561,0
3562,0
3563,0
3564,0
3571,0
3574,0
3576,0
3577,0
3579,0
3580,0
3586,0
3590,0
3599,0
3600,0
3601,0
3605,0
3606,0
3612,0
3614,0
3615,0
3616,0
3620,0
3622,0
3624,0
3630,0
3644,0
3649,0
3651,0
3654,0
3665,0
3668,0
3671,0
3672,0
3673,0
3677,0
3678,0
3687,0
3688,0
3693,0
3698,0
3699,0
3701,0
3703,0
3706,0
3707,0
3709,0
3711,0
3714,0
3716,0
3720,0
3728,0
3731,0
3732,0
3733,0
3734,0
3740,0
3746,0
3749,0
3751,0
3755,0
3757,0
3762,0
3767,0
3769,0
3779,0
3781,0
3782,0
3783,0
3784,0
3790,0
3791,0
3792,0
3794,0
3799,0
3801,0
3804,0
3808,0
3809,0
3811,0
3813,0
3817,0
3818,0
3823,0
3843,0
3844,0
3846,0
3847,0
3852,0
3854,0
3856,0
3863,0
3865,0
3867,0
3871,0
3872,0
3878,0
3880,0
3881,0
3882,0
3883,0
3884,0
3885,0
3886,0
3890,0
3891,0
3898,0
3902,0
3909,0
3910,0
3912,0
3915,0
3918,0
3920,0
3925,0
3928,0
3929,0
3930,0
3931,0
3934,0
3939,0
3941,0
3942,0
3943,0
3946,0
3963,0
3965,0
3966,0
3971,0
3972,0
3974,0
3976,0
3978,0
3981,0
3985,0
3986,0
3987,0
3988,0
3991,0
3999,0
4001,0
4002,0
4004,0
4007,0
4009,0
4013,0
4015,0
4016,0
4023,0
4031,0
4035,0
4036,0
4037,0
4040,0
4048,0
4053,0
4056,0
4059,0
4066,0
4067,0
4069,0
4070,0
4071,0
4073,0
4074,0
4075,0
4082,0
4090,0
4099,0
4102,0
4106,0
4109,0
4110,0
4115,0
4118,0
4120,0
4125,0
4126,0
4130,0
4134,0
4136,0
4137,0
4144,0
4148,0
4151,0
4155,0
4162,0
4165,0
4169,0
4174,0
4179,0
4185,0
4186,0
4187,0
4188,0
4190,0
4192,0
4193,0
4194,0
4195,0
4196,0
4207,0
4208,0
4215,0
4217,0
4222,0
4223,0
4226,0
4228,0
4229,0
4231,0
4234,0
4236,0
4249,0
4254,0
4258,0
4259,0
4263,0
4267,0
4277,0
4278,0
4280,0
4283,0
4285,0
4286,0
4287,0
4290,0
4291,0
4294,0
4302,0
4308,0
4310,0
4311,0
4315,0
4316,0
4319,0
4331,0
4338,0
4339,0
4340,0
4344,0
4346,0
4347,0
4360,0
4364,0
4367,0
4369,0
4370,0
4371,0
4380,0
4386,0
4389,0
4390,0
4394,0
4399,0
4400,0
4404,0
4409,0
4414,0
4417,0
4418,0
4419,0
4420,0
4422,0
4429,0
4431,0
4433,0
4434,0
4439,0
4443,0
4446,0
4447,0
4453,0
4460,0
4461,0
4462,0
4467,0
4469,0
4473,0
4474,0
4475,0
4477,0
4481,0
4483,0
4484,0
4485,0
4495,0
4497,0
4500,0
4501,0
4502,0
4505,0
4506,0
4510,0
4512,0
4513,0
4532,0
4535,0
4536,0
4540,0
4545,0
4552,0
4554,0
4555,0
4558,0
4559,0
4560,0
4566,0
4570,0
4572,0
4574,0
4581,0
4583,0
4586,0
4591,0
4594,0
4603,0
4605,0
4612,0
4613,0
4615,0
4618,0
4621,0
4623,0
4626,0
4629,0
4633,0
4636,0
4638,0
4640,0
4643,0
4645,0
4647,0
4648,0
4651,0
4652,0
4653,0
4654,0
4660,0
4662,0
4663,0
4665,0
4668,0
4676,0
4683,0
4685,0
4686,0
4701,0
4718,0
4721,0
4727,0
4728,0
4733,0
4741,0
4743,0
4746,0
4751,0
4756,0
4761,0
4763,0
4764,0
4767,0
4772,0
4776,0
4780,0
4781,0
4792,0
4796,0
4801,0
4804,0
4805,0
4806,0
4811,0
4815,0
4816,0
4817,0
4818,0
4822,0
4824,0
4827,0
4837,0
4838,0
4839,0
4841,0
4851,0
4855,0
4861,0
4862,0
4863,0
4865,0
4871,0
4873,0
4880,0
4885,0
4886,0
4902,0
4904,0
4907,0
4916,0
4921,0
4925,0
4927,0
4928,0
4930,0
4932,0
4933,0
4937,0
4939,0
4941,0
4942,0
4947,0
4949,0
4950,0
4956,0
4960,0
4963,0
4965,0
4976,0
4977,0
4987,0
4991,0
4994,0
4999,0
5003,0
5006,0
5009,0
5011,0
5012,0
5014,0
5020,0
5021,0
5023,0
5026,0
5030,0
5031,0
5036,0
5042,0
5045,0
5048,0
5051,0
5053,0
5054,0
5057,0
5058,0
5066,0
5070,0
5077,0
5081,0
5084,0
5086,0
5090,0
5091,0
5093,0
5100,0
5108,0
5111,0
5112,0
5118,0
5121,0
5123,0
5129,0
5133,0
5143,0
5147,0
5151,0
5156,0
5158,0
5161,0
5163,0
5167,0
5173,0
5205,0
5214,0
5215,0
5216,0
5217,0
5225,0
5237,0
5239,0
5240,0
5241,0
5246,0
5250,0
5253,0
5258,0
5261,0
5268,0
5275,0
5277,0
5279,0
5288,0
5289,0
5294,0
5303,0
5307,0
5311,0
5312,0
5314,0
5318,0
5327,0
5329,0
5333,0
5334,0
5340,0
5348,0
5358,0
5360,0
5361,0
5363,0
5364,0
5369,0
5370,0
5374,0
5376,0
5388,0
5390,0
5393,0
5394,0
5395,0
5398,0
5399,0
5401,0
5402,0
5405,0
5414,0
5415,0
5419,0
5421,0
5422,0
5424,0
5427,0
5429,0
5431,0
5433,0
5434,0
5435,0
5436,0
5438,0
5440,0
5441,0
5447,0
5451,0
5453,0
5456,0
5457,0
5463,0
5464,0
5470,0
5472,0
5474,0
5478,0
5483,0
5490,0
5500,0
5504,0
5508,0
5511,0
5512,0
5513,0
5516,0
5523,0
5527,0
5530,0
5533,0
5536,0
5537,0
5542,0
5543,0
5546,0
5549,0
5550,0
5551,0
5562,0
5566,0
5568,0
5571,0
5572,0
5574,0
5583,0
5585,0
5591,0
5596,0
5597,0
5601,0
5606,0
5607,0
5610,0
5615,0
5616,0
5623,0
5630,0
5636,0
5637,0
5639,0
5640,0
5643,0
5648,0
5649,0
5660,0
5666,0
5667,0
5678,0
5679,0
5681,0
5682,0
5691,0
5696,0
5697,0
5700,0
5701,0
5702,0
5708,0
5709,0
5718,0
5723,0
5725,0
5728,0
5731,0
5735,0
5737,0
5738,0
5742,0
5747,0
5749,0
5750,0
5755,0
5756,0
5761,0
5762,0
5767,0
5768,0
5770,0
5773,0
5774,0
5779,0
5782,0
5785,0
5786,0
5787,0
5788,0
5796,0
5802,0
5806,0
5809,0
5810,0
5811,0
5813,0
5820,0
5823,0
5830,0
5831,0
5838,0
5839,0
5844,0
5846,0
5851,0
5852,0
5857,0
5859,0
5860,0
5862,0
5865,0
5866,0
5871,0
5872,0
5877,0
5878,0
5879,0
5880,0
5895,0
5897,0
5910,0
5914,0
5915,0
5917,0
5924,0
5926,0
5931,0
5936,0
5940,0
5941,0
5945,0
5946,0
5948,0
5951,0
5967,0
5968,0
5969,0
5970,0
5971,0
5973,0
5976,0
5977,0
5984,0
5986,0
5993,0
5994,0
6005,0
6006,0
6008,0
6010,0
6011,0
6014,0
6016,0
6018,0
6021,0
6025,0
6028,0
6029,0
6035,0
6040,0
6042,0
6044,0
6046,0
6052,0
6054,0
6062,0
6063,0
6067,0
6068,0
6077,0
6079,0
6080,0
6081,0
6082,0
6089,0
6095,0
6101,0
6107,0
6114,0
6117,0
6121,0
6122,0
6124,0
6129,0
6131,0
6136,0
6139,0
6142,0
6143,0
6144,0
6149,0
6155,0
6157,0
6158,0
6161,0
6168,0
6172,0
6176,0
6177,0
6179,0
6180,0
6182,0
6186,0
6189,0
6190,0
6194,0
6204,0
6205,0
6209,0
6210,0
6212,0
6214,0
6221,0
6225,0
6228,0
6229,0
6231,0
6235,0
6236,0
6237,0
6238,0
6239,0
6242,0
6249,0
6250,0
6251,0
6252,0
6260,0
6264,0
6266,0
6270,0
6275,0
6279,0
6280,0
6284,0
6285,0
6286,0
6287,0
6288,0
6289,0
6290,0
6291,0
6295,0
6298,0
6307,0
6308,0
6309,0
6313,0
6316,0
6319,0
6321,0
6324,0
6327,0
6333,0
6351,0
6352,0
6353,0
6357,0
6359,0
6360,0
6364,0
6367,0
6368,0
6377,0
6378,0
6379,0
6381,0
6390,0
6401,0
6408,0
6409,0
6411,0
6419,0
6424,0
6426,0
6428,0
6431,0
6432,0
6433,0
6435,0
6437,0
6439,0
6442,0
6444,0
6447,0
6456,0
6457,0
6460,0
6468,0
6471,0
6475,0
6476,0
6479,0
6483,0
6487,0
6488,0
6489,0
6496,0
6498,0
6502,0
6503,0
6507,0
6508,0
6509,0
6517,0
6521,0
6522,0
6524,0
6526,0
6531,0
6533,0
6538,0
6539,0
6544,0
6557,0
6558,0
6562,0
6563,0
6564,0
6574,0
6578,0
6581,0
6584,0
6587,0
6589,0
6590,0
6592,0
6595,0
6599,0
6600,0
6606,0
6609,0
6612,0
6615,0
6618,0
6620,0
6623,0
6633,0
6639,0
6640,0
6641,0
6645,0
6650,0
6651,0
6652,0
6657,0
6659,0
6666,0
6671,0
6673,0
6674,0
6677,0
6680,0
6684,0
6685,0
6691,0
6692,0
6696,0
6698,0
6704,0
6705,0
6710,0
6713,0
6715,0
6717,0
6718,0
6720,0
6728,0
6732,0
6733,0
6739,0
6740,0
6741,0
6743,0
6747,0
6750,0
6752,0
6753,0
6755,0
6761,0
6763,0
6768,0
6770,0
6771,0
6777,0
6778,0
6780,0
6782,0
6786,0
6791,0
6797,0
6798,0
6803,0
6805,0
6812,0
6816,0
6818,0
6822,0
6825,0
6826,0
6827,0
6829,0
6831,0
6836,0
6838,0
6840,0
6842,0
6846,0
6851,0
6853,0
6856,0
6859,0
6865,0
6866,0
6868,0
6869,0
6871,0
6873,0
6886,0
6887,0
6888,0
6889,0
6891,0
6894,0
6895,0
6899,0
6901,0
6902,0
6904,0
6906,0
6922,0
6923,0
6924,0
6927,0
6934,0
6938,0
6941,0
6942,0
6944,0
6947,0
6952,0
6957,0
6958,0
6964,0
6968,0
6969,0
6976,0
6982,0
6986,0
6987,0
6989,0
6991,0
6993,0
6995,0
6997,0
7000,0
7003,0
7004,0
7007,0
7011,0
7014,0
7016,0
7017,0
7020,0
7022,0
7028,0
7033,0
7034,0
7035,0
7038,0
7040,0
7041,0
7042,0
7045,0
7049,0
7055,0
7057,0
7062,0
7064,0
7066,0
7067,0
7072,0
7079,0
7082,0
7083,0
7084,0
7085,0
7087,0
7090,0
7094,0
7096,0
7099,0
7100,0
7101,0
7102,0
7103,0
7107,0
7110,0
7113,0
7117,0
7119,0
7123,0
7127,0
7133,0
7139,0
7143,0
7145,0
7151,0
7152,0
7153,0
7156,0
7162,0
7170,0
7172,0
7177,0
7181,0
7182,0
7189,0
7190,0
7200,0
7207,0
7209,0
7212,0
7216,0
7217,0
7219,0
7220,0
7222,0
7225,0
7233,0
7237,0
7238,0
7239,0
7240,0
7243,0
7245,0
7246,0
7249,0
7257,0
7258,0
7259,0
7262,0
7263,0
7269,0
7271,0
7273,0
7276,0
7279,0
7282,0
7284,0
7293,0
7298,0
7303,0
7304,0
7305,0
7308,0
7313,0
7314,0
7321,0
7322,0
7327,0
7333,0
7336,0
7339,0
7341,0
7346,0
7347,0
7349,0
7351,0
7353,0
7363,0
7364,0
7368,0
7370,0
7375,0
7376,0
7379,0
7382,0
7384,0
7385,0
7387,0
7388,0
7389,0
7394,0
7396,0
7398,0
7399,0
7401,0
7404,0
7406,0
7409,0
7411,0
7417,0
7420,0
7422,0
7423,0
7427,0
7429,0
7432,0
7435,0
7436,0
7440,0
7441,0
7445,0
7448,0
7449,0
7450,0
7454,0
7455,0
7460,0
7462,0
7464,0
7466,0
7468,0
7469,0
7471,0
7472,0
7483,0
7484,0
7485,0
7486,0
7487,0
7489,0
7492,0
7495,0
7499,0
7500,0
7506,0
7508,0
7509,0
7511,0
7516,0
7524,0
7538,0
7539,0
7541,0
7546,0
7549,0
7562,0
7564,0
7567,0
7572,0
7574,0
7575,0
7586,0
7592,0
7596,0
7597,0
7599,0
7606,0
7615,0
7618,0
7620,0
7624,0
7625,0
7629,0
7632,0
7636,0
7637,0
7646,0
7655,0
7658,0
7660,0
7664,0
7665,0
7666,0
7667,0
7673,0
7676,0
7682,0
7684,0
7690,0
7697,0
7700,0
7704,0
7705,0
7706,0
7708,0
7709,0
7710,0
7713,0
7716,0
7726,0
7729,0
7730,0
7732,0
7734,0
7740,0
7741,0
7745,0
7757,0
7762,0
7770,0
7776,0
7777,0
7778,0
7779,0
7782,0
7786,0
7791,0
7792,0
7794,0
7795,0
7796,0
7798,0
7805,0
7806,0
7808,0
7811,0
7814,0
7819,0
7820,0
7825,0
7829,0
7834,0
7836,0
7838,0
7841,0
7845,0
7846,0
7853,0
7856,0
7858,0
7859,0
7866,0
7875,0
7879,0
7884,0
7886,0
7890,0
7892,0
7896,0
7899,0
7900,0
7901,0
7904,0
7911,0
7917,0
7919,0
7920,0
7921,0
7922,0
7925,0
7927,0
7928,0
7931,0
7942,0
7946,0
7947,0
7948,0
7951,0
7956,0
7961,0
7964,0
7966,0
7967,0
7974,0
7975,0
7979,0
7985,0
7986,0
7993,0
7995,0
7997,0
7998,0
8004,0
8007,0
8011,0
8014,0
8022,0
8027,0
8033,0
8041,0
8042,0
8046,0
8048,0
8050,0
8051,0
8052,0
8053,0
8054,0
8059,0
8063,0
8072,0
8075,0
8076,0
8077,0
8078,0
8080,0
8082,0
8086,0
8090,0
8092,0
8093,0
8099,0
8104,0
8107,0
8108,0
8114,0
8115,0
8117,0
8123,0
8124,0
8127,0
8132,0
8134,0
8139,0
8145,0
8148,0
8151,0
8152,0
8153,0
8157,0
8160,0
8166,0
8167,0
8173,0
8174,0
8178,0
8179,0
8185,0
8186,0
8192,0
8193,0
8194,0
8197,0
8198,0
8199,0
8200,0
8206,0
8207,0
8220,0
8222,0
8227,0
8228,0
8229,0
8230,0
8233,0
8248,0
8249,0
8255,0
8260,0
8263,0
8265,0
8268,0
8269,0
8272,0
8273,0
8275,0
8277,0
8281,0
8282,0
8290,0
8293,0
8299,0
8302,0
8303,0
8305,0
8306,0
8307,0
8308,0
8313,0
8316,0
8319,0
8322,0
8323,0
8325,0
8326,0
8327,0
8328,0
8331,0
8333,0
8336,0
8338,0
8340,0
8342,0
8343,0
8353,0
8354,0
8357,0
8358,0
8359,0
8373,0
8376,0
8379,0
8380,0
8381,0
8384,0
8395,0
8398,0
8403,0
8407,0
8413,0
8417,0
8420,0
8421,0
8424,0
8426,0
8427,0
8438,0
8439,0
8442,0
8449,0
8456,0
8460,0
8462,0
8465,0
8466,0
8467,0
8469,0
8470,0
8474,0
8479,0
8481,0
8482,0
8485,0
8488,0
8492,0
8493,0
8495,0
8499,0
8501,0
8519,0
8521,0
8525,0
8527,0
8529,0
8532,0
8534,0
8535,0
8537,0
8544,0
8548,0
8549,0
8552,0
8554,0
8563,0
8564,0
8565,0
8566,0
8568,0
8569,0
8573,0
8583,0
8588,0
8590,0
8592,0
8593,0
8594,0
8597,0
8600,0
8601,0
8602,0
8603,0
8604,0
8605,0
8611,0
8614,0
8616,0
8617,0
8619,0
8626,0
8629,0
8630,0
8632,0
8634,0
8641,0
8645,0
8649,0
8652,0
8666,0
8671,0
8672,0
8675,0
8678,0
8679,0
8682,0
8687,0
8701,0
8703,0
8707,0
8713,0
8716,0
8719,0
8725,0
8730,0
8731,0
8748,0
8749,0
8756,0
8764,0
8765,0
8769,0
8771,0
8772,0
8773,0
8779,0
8792,0
8794,0
8796,0
8798,0
8803,0
8807,0
8809,0
8811,0
8813,0
8814,0
8818,0
8819,0
8820,0
8821,0
8822,0
8824,0
8826,0
8827,0
8828,0
8833,0
8834,0
8845,0
8847,0
8849,0
8861,0
8867,0
8868,0
8870,0
8873,0
8874,0
8876,0
8877,0
8879,0
8882,0
8884,0
8889,0
8891,0
8894,0
8895,0
8897,0
8898,0
8901,0
8904,0
8909,0
8910,0
8911,0
8915,0
8917,0
8918,0
8919,0
8922,0
8925,0
8928,0
8929,0
8930,0
8932,0
8937,0
8940,0
8943,0
8950,0
8951,0
8954,0
8958,0
8960,0
8964,0
8975,0
8977,0
8981,0
8982,0
8984,0
8988,0
8990,0
8991,0
8995,0
8997,0
9003,0
9004,0
9010,0
9011,0
9013,0
9014,0
9015,0
9017,0
9019,0
9021,0
9024,0
9032,0
9035,0
9036,0
9037,0
9043,0
9046,0
9048,0
9049,0
9050,0
9056,0
9063,0
9065,0
9066,0
9068,0
9069,0
9070,0
9073,0
9076,0
9091,0
9092,0
9104,0
9105,0
9108,0
9111,0
9115,0
9117,0
9122,0
9125,0
9127,0
9129,0
9133,0
9136,0
9138,0
9140,0
9147,0
9150,0
9152,0
9153,0
9155,0
9158,0
9160,0
9163,0
9165,0
9167,0
9168,0
9170,0
9176,0
9178,0
9184,0
9186,0
9188,0
9189,0
9190,0
9196,0
9198,0
9199,0
9200,0
9201,0
9202,0
9204,0
9205,0
9213,0
9214,0
9224,0
9227,0
9228,0
9229,0
9234,0
9236,0
9241,0
9243,0
9245,0
9256,0
9258,0
9261,0
9274,0
9279,0
9282,0
9284,0
9285,0
9291,0
9295,0
9299,0
9302,0
9304,0
9305,0
9306,0
9310,0
9312,0
9316,0
9318,0
9323,0
9326,0
9327,0
9328,0
9331,0
9335,0
9336,0
9340,0
9349,0
9352,0
9353,0
9354,0
9356,0
9357,0
9358,0
9359,0
9364,0
9366,0
9369,0
9370,0
9379,0
9381,0
9383,0
9389,0
9390,0
9392,0
9394,0
9398,0
9399,0
9400,0
9407,0
9409,0
9412,0
9413,0
9415,0
9419,0
9423,0
9424,0
9426,0
9427,0
9428,0
9429,0
9433,0
9437,0
9440,0
9442,0
9443,0
9444,0
9447,0
9459,0
9461,0
9462,0
9464,0
9473,0
9475,0
9476,0
9477,0
9478,0
9479,0
9483,0
9487,0
9494,0
9497,0
9498,0
9506,0
9512,0
9514,0
9515,0
9516,0
9517,0
9518,0
9521,0
9523,0
9527,0
9528,0
9530,0
9532,0
9534,0
9535,0
9536,0
9543,0
9544,0
9545,0
9546,0
9549,0
9558,0
9560,0
9561,0
9570,0
9573,0
9578,0
9584,0
9587,0
9588,0
9599,0
9601,0
9604,0
9614,0
9615,0
9621,0
9622,0
9623,0
9624,0
9626,0
9628,0
9630,0
9631,0
9633,0
9635,0
9637,0
9641,0
9647,0
9648,0
9649,0
9658,0
9662,0
9668,0
9671,0
9676,0
9677,0
9679,0
9682,0
9685,0
9689,0
9692,0
9693,0
9694,0
9696,0
9700,0
9711,0
9713,0
9720,0
9721,0
9725,0
9726,0
9727,0
9735,0
9740,0
9742,0
9743,0
9747,0
9748,0
9751,0
9758,0
9767,0
9768,0
9773,0
9777,0
9781,0
9784,0
9786,0
9789,0
9792,0
9793,0
9798,0
9799,0
9802,0
9803,0
9804,0
9805,0
9807,0
9809,0
9811,0
9814,0
9817,0
9821,0
9824,0
9825,0
9827,0
9839,0
9840,0
9843,0
9844,0
9845,0
9847,0
9848,0
9851,0
9852,0
9855,0
9856,0
9863,0
9867,0
9871,0
9876,0
9879,0
9882,0
9891,0
9892,0
9893,0
9895,0
9899,0
9900,0
9902,0
9903,0
9904,0
9908,0
9913,0
9914,0
9917,0
9922,0
9924,0
9926,0
9927,0
9928,0
9929,0
9936,0
9939,0
9947,0
9951,0
9954,0
9956,0
9957,0
9959,0
9962,0
9964,0
9966,0
9968,0
9969,0
9970,0
9975,0
9977,0
9981,0
9993,0
9996,0
9997,0
9999,0
10002,0
10007,0
10015,0
10019,0
10022,0
10024,0
10026,0
10033,0
10043,0
10046,0
10051,0
10053,0
10062,0
10063,0
10065,0
10068,0
10078,0
10086,0
10094,0
10095,0
10096,0
10097,0
10103,0
10104,0
10108,0
10122,0
10123,0
10128,0
10131,0
10133,0
10134,0
10135,0
10145,0
10148,0
10154,0
10155,0
10158,0
10160,0
10161,0
10162,0
10165,0
10166,0
10167,0
10170,0
10178,0
10180,0
10181,0
10185,0
10188,0
10190,0
10196,0
10200,0
10205,0
10211,0
10216,0
10219,0
10221,0
10225,0
10227,0
10228,0
10230,0
10232,0
10233,0
10235,0
10238,0
10240,0
10242,0
10248,0
10254,0
10257,0
10261,0
10262,0
10266,0
10267,0
10271,0
10277,0
10279,0
10281,0
10282,0
10285,0
10292,0
10298,0
10300,0
10309,0
10311,0
10312,0
10319,0
10324,0
10326,0
10328,0
10343,0
10346,0
10347,0
10353,0
10354,0
10356,0
10357,0
10362,0
10363,0
10370,0
10373,0
10386,0
10388,0
10389,0
10391,0
10397,0
10400,0
10403,0
10404,0
10408,0
10417,0
10425,0
10435,0
10437,0
10438,0
10440,0
10442,0
10447,0
10452,0
10453,0
10454,0
10459,0
10460,0
10463,0
10465,0
10469,0
10474,0
10475,0
10476,0
10477,0
10480,0
10491,0
10493,0
10494,0
10495,0
10497,0
10501,0
10504,0
10507,0
10509,0
10510,0
10512,0
10514,0
10526,0
10528,0
10530,0
10531,0
10532,0
10538,0
10539,0
10542,0
10547,0
10549,0
10556,0
10569,0
10572,0
10577,0
10579,0
10586,0
10594,0
10595,0
10597,0
10602,0
10604,0
10614,0
10617,0
10618,0
10619,0
10624,0
10633,0
10634,0
10635,0
10638,0
10639,0
10642,0
10643,0
10645,0
10646,0
10649,0
10652,0
10653,0
10654,0
10661,0
10664,0
10668,0
10670,0
10674,0
10683,0
10694,0
10697,0
10699,0
10701,0
10703,0
10713,0
10714,0
10716,0
10717,0
10719,0
10725,0
10728,0
10734,0
10738,0
10740,0
10742,0
10756,0
10757,0
10758,0
10761,0
10762,0
10773,0
10778,0
10781,0
10791,0
10792,0
10796,0
10797,0
10801,0
10804,0
10806,0
10807,0
10816,0
10820,0
10828,0
10836,0
10838,0
10845,0
10856,0
10857,0
10858,0
10861,0
10865,0
10868,0
10874,0
10875,0
